Schedule_ID,Date,Time,Client_ID,Worker_ID,Dept_ID
1,2023-11-01,08:00:00,1,1,1
2,2023-11-02,09:30:00,2,2,2
3,2023-11-03,10:45:00,3,3,3
4,2023-11-04,11:15:00,4,4,1
5,2023-11-05,13:00:00,5,5,2
6,2023-11-06,14:30:00,6,6,3
7,2023-11-07,15:45:00,7,7,1
8,2023-11-08,08:30:00,8,8,2
9,2023-11-09,09:45:00,9,9,3
10,2023-11-10,12:00:00,10,10,1
11,2023-11-11,14:15:00,11,11,2
12,2023-11-12,16:30:00,12,12,3
13,2023-11-13,08:45:00,13,13,1
14,2023-11-14,10:00:00,14,14,2
15,2023-11-15,11:30:00,15,15,3
16,2023-11-16,13:45:00,16,16,1
17,2023-11-17,15:00:00,17,17,2
18,2023-11-18,08:15:00,18,18,3
19,2023-11-19,09:30:00,19,19,1
20,2023-11-20,11:45:00,20,20,2
21,2023-11-21,13:00:00,21,21,3
22,2023-11-22,14:15:00,22,22,1
23,2023-11-23,15:30:00,23,23,2
24,2023-11-24,08:45:00,24,24,3
25,2023-11-25,10:00:00,25,25,1
26,2023-11-26,11:15:00,26,26,2
27,2023-11-27,13:30:00,27,27,3
28,2023-11-28,14:45:00,28,28,1
29,2023-11-29,16:00:00,29,29,2
30,2023-11-30,08:15:00,30,30,3
31,2023-12-01,09:30:00,31,31,1
32,2023-12-02,10:45:00,32,32,2
33,2023-12-03,12:00:00,33,33,3
34,2023-12-04,14:15:00,34,34,1
35,2023-12-05,15:30:00,35,35,2
36,2023-12-06,08:45:00,36,36,3
37,2023-12-07,10:00:00,37,37,1
38,2023-12-08,11:15:00,38,38,2
39,2023-12-09,13:30:00,39,39,3
40,2023-12-10,14:45:00,40,40,1
41,2023-12-11,16:00:00,41,41,2
42,2023-12-12,08:15:00,42,42,3
43,2023-12-13,09:30:00,43,43,1
44,2023-12-14,10:45:00,44,44,2
45,2023-12-15,12:00:00,45,45,3
46,2023-12-16,14:15:00,46,46,1
47,2023-12-17,15:30:00,47,47,2
48,2023-12-18,08:45:00,48,48,3
49,2023-12-19,10:00:00,49,49,1
50,2023-12-20,11:15:00,50,50,2
51,2023-12-21,13:30:00,51,51,3
52,2023-12-22,14:45:00,52,52,1
53,2023-12-23,16:00:00,53,53,2
54,2023-12-24,08:15:00,54,54,3
55,2023-12-25,09:30:00,55,55,1
56,2023-12-26,10:45:00,56,56,2
57,2023-12-27,12:00:00,57,57,3
58,2023-12-28,14:15:00,58,58,1
59,2023-12-29,15:30:00,59,59,2
60,2023-12-30,08:45:00,60,60,3
61,2023-12-31,10:00:00,61,61,1
62,2024-01-01,11:15:00,62,62,2
63,2024-01-02,13:30:00,63,63,3
64,2024-01-03,14:45:00,64,64,1
65,2024-01-04,16:00:00,65,65,2
66,2024-01-05,08:15:00,66,66,3
67,2024-01-06,09:30:00,67,67,1
68,2024-01-07,10:45:00,68,68,2
69,2024-01-08,12:00:00,69,69,3
70,2024-01-09,14:15:00,70,70,1
71,2024-01-10,15:30:00,71,71,2
72,2024-01-11,08:45:00,72,72,3
73,2024-01-12,10:00:00,73,73,1
74,2024-01-13,11:15:00,74,74,2
75,2024-01-14,13:30:00,75,75,3
76,2024-01-15,14:45:00,76,76,1
77,2024-01-16,16:00:00,77,77,2
78,2024-01-17,08:15:00,78,78,3
79,2024-01-18,09:30:00,79,79,1
80,2024-01-19,10:45:00,80,80,2
81,2024-01-20,12:00:00,81,81,3
82,2024-01-21,14:15:00,82,82,1
83,2024-01-22,15:30:00,83,83,2
84,2024-01-23,08:45:00,84,84,3
85,2024-01-24,10:00:00,85,85,1
86,2024-01-25,11:15:00,86,86,2
87,2024-01-26,13:30:00,87,87,3
88,2024-01-27,14:45:00,88,88,1
89,2024-01-28,16:00:00,89,89,2
90,2024-01-29,08:15:00,90,90,3
91,2024-01-30,09:30:00,91,91,1
92,2024-01-31,10:45:00,92,92,2
93,2024-02-01,12:00:00,93,93,3
94,2024-02-02,14:15:00,94,94,1
95,2024-02-03,15:30:00,95,95,2
96,2024-02-04,08:45:00,96,96,3
97,2024-02-05,10:00:00,97,97,1
98,2024-02-06,11:15:00,98,98,2
99,2024-02-07,13:30:00,99,99,3
100,2024-02-08,14:45:00,100,100,1
